user_id,service_id,rating
39,284,1
102,182,3
13,164,2
44,419,2
61,57,3
119,446,2
2,150,1
48,322,3
55,569,3
28,541,5
147,301,4
126,455,4
43,399,5
63,11,1
41,503,4
43,490,2
93,299,2
91,167,2
8,144,2
72,138,1
48,86,4
142,208,2
61,48,5
55,492,3
19,334,4
94,69,4
122,70,2
71,264,5
78,217,3
69,222,3
4,339,1
83,326,4
147,446,1
65,390,2
60,434,5
135,191,5
116,502,2
12,513,4
147,237,4
21,520,3
117,273,2
142,356,3
18,33,1
64,66,1
22,400,5
33,210,2
123,502,1
3,66,3
6,70,5
137,21,1
69,267,2
131,189,1
128,240,3
32,484,3
143,142,5
146,547,1
114,12,4
44,388,1
104,444,5
7,546,4
93,148,5
45,27,4
58,74,3
77,294,2
130,375,3
112,59,1
104,75,2
110,237,5
140,536,3
85,383,5
128,27,3
110,421,1
111,188,4
135,308,4
41,512,4
22,455,2
64,183,3
13,126,5
147,391,2
132,396,1
131,522,5
80,526,2
71,253,5
124,103,4
138,353,5
50,559,5
7,551,5
52,13,1
102,28,2
19,541,4
146,210,1
113,456,2
66,442,2
58,566,5
63,561,4
40,550,3
77,506,2
13,387,2
44,455,2
140,600,4
121,87,5
117,531,5
133,443,4
81,484,4
27,535,5
87,365,2
11,455,1
58,361,4
42,53,3
23,498,5
55,484,3
116,363,4
98,111,2
39,406,2
97,63,1
16,179,4
85,359,5
80,269,5
24,257,3
72,533,3
102,354,3
68,56,2
21,13,3
1,94,4
122,345,2
128,252,4
56,104,3
37,497,2
124,216,1
62,479,2
34,429,2
72,176,1
134,185,2
82,429,5
40,551,2
12,537,2
139,29,5
150,180,1
20,184,4
135,172,4
110,496,5
43,126,5
134,34,1
46,141,4
95,235,4
62,479,3
115,160,4
108,322,2
147,180,4
13,129,1
112,85,4
145,217,2
89,310,5
51,191,2
62,416,5
73,469,2
76,302,5
15,338,5
13,342,1
24,502,1
45,85,1
24,247,2
93,238,2
4,106,4
103,139,2
28,190,4
131,139,1
46,338,1
69,364,3
137,180,3
110,104,3
96,347,5
92,185,3
54,478,1
134,488,4
72,545,2
140,82,2
93,210,5
146,419,3
72,153,4
7,310,4
11,397,5
88,418,4
98,375,1
50,566,3
38,351,1
57,2,1
36,275,4
76,350,5
87,139,3
15,435,5
69,321,2
91,10,5
132,308,3
88,241,3
56,435,3
100,429,2
71,114,1
7,360,4
50,541,1
57,366,2
42,3,3
129,541,1
128,51,3
92,586,5
69,145,5
131,485,5
40,21,2
21,415,1
39,519,3
127,196,2
60,355,3
89,95,1
117,529,2
21,315,4
91,278,1
78,114,1
64,302,1
76,362,3
49,99,1
81,222,1
140,587,2
39,396,2
61,154,1
84,11,2
27,320,4
59,227,1
78,514,2
20,358,5
136,205,2
82,82,3
7,53,3
15,295,1
35,249,1
38,325,5
20,367,5
67,35,3
102,127,3
148,110,3
13,507,1
87,367,4
116,210,5
108,47,5
141,386,1
101,314,3
33,66,5
97,73,4
97,363,3
57,539,3
118,507,3
23,567,5
46,197,2
114,101,2
26,410,1
28,386,2
78,374,2
59,144,2
35,133,2
103,69,1
51,183,2
134,169,4
109,510,1
117,226,5
49,588,4
73,454,2
105,440,5
53,313,4
124,487,2
50,304,3
28,61,1
144,241,1
147,534,5
109,126,3
40,311,4
113,396,1
33,405,1
2,432,5
10,236,4
19,449,4
66,328,2
22,22,5
54,313,5
149,311,4
37,599,2
113,566,3
139,23,1
71,523,3
119,306,4
11,559,2
131,357,3
50,49,3
113,368,2
31,44,4
131,448,2
121,374,2
144,380,4
53,104,1
99,311,3
29,226,4
70,305,2
110,305,3
23,31,1
148,278,4
134,310,3
138,536,4
28,417,2
92,218,2
104,334,3
86,48,1
76,50,3
143,242,2
50,100,5
133,256,1
50,439,3
73,23,3
16,459,5
34,511,1
125,242,5
103,208,3
94,279,3
74,412,4
70,86,3
82,88,4
150,11,4
113,371,3
82,229,5
94,283,3
7,56,5
150,520,2
22,591,1
54,547,4
145,431,1
98,432,2
148,167,4
1,574,5
8,143,2
26,363,1
18,339,2
136,349,4
89,545,2
49,445,4
84,322,1
51,281,4
126,107,3
92,500,2
139,380,2
129,474,3
74,232,1
70,347,1
46,560,2
54,304,2
145,510,3
81,241,2
84,584,2
89,290,2
39,376,5
115,549,4
43,569,3
85,164,1
58,521,2
114,496,1
78,592,1
34,99,4
133,553,1
1,64,4
58,282,1
59,169,2
102,366,5
121,163,3
39,417,4
122,588,5
18,352,3
19,74,1
122,316,1
17,297,4
76,313,5
70,408,3
63,205,3
127,29,1
141,102,2
107,29,3
37,108,3
4,4,3
25,328,5
80,115,3
94,583,3
59,596,1
110,521,4
1,297,1
71,497,5
73,138,5
28,2,3
143,61,4
45,46,5
127,380,4
116,397,2
138,156,4
140,546,2
35,101,4
72,18,4
54,138,1
135,555,2
14,133,2
81,148,3
105,240,1
143,183,1
67,178,1
111,499,3
146,153,1
148,191,5
22,490,5
104,494,3
41,398,3
35,438,1
141,25,3
60,139,4
29,278,2
108,83,3
14,40,5
108,432,3
103,272,4
131,184,3
22,404,2
123,565,5
116,594,3
85,143,3
63,245,1
56,166,4
2,460,3
139,9,1
53,381,4
44,414,2
113,511,3
81,297,5
61,353,3
71,499,5
87,489,4
71,1,1
39,599,5
46,303,5
115,288,1
108,194,2
33,25,4
56,215,1
122,539,3
116,438,3
142,441,5
35,151,2
79,279,1
65,184,2
28,86,5
41,49,4
39,486,3
79,561,4
116,169,3
62,562,4
36,61,3
80,453,3
59,544,3
116,180,1
41,513,5
59,452,5
39,101,5
62,119,1
121,169,5
124,533,3
53,243,5
112,453,5
132,108,2
100,157,2
46,277,4
40,25,3
127,323,2
71,516,1
57,95,1
81,385,5
49,129,5
92,590,1
143,168,2
123,572,1
39,270,4
65,153,4
142,495,4
139,116,3
72,193,2
132,418,5
97,182,4
2,545,3
140,521,5
11,222,3
51,28,1
34,589,1
102,487,3
43,194,1
33,379,5
59,517,3
10,495,1
91,559,5
75,191,2
34,395,2
34,353,4
149,455,2
19,91,5
7,597,4
73,366,2
2,107,5
20,503,5
78,37,3
6,552,1
128,355,2
114,576,4
143,319,5
130,305,3
113,286,5
36,84,3
22,306,4
21,402,3
57,19,5
14,488,1
69,98,3
26,534,3
68,57,3
74,141,1
113,426,1
2,69,2
49,175,4
144,29,2
91,317,2
29,245,2
58,246,5
126,52,1
81,69,5
84,232,3
19,364,2
90,243,4
49,358,1
38,550,2
45,342,1
63,547,3
25,115,3
122,76,5
72,416,1
72,376,1
107,528,2
95,46,5
74,327,2
147,103,5
103,529,4
89,375,4
8,394,3
66,530,4
90,103,1
68,17,3
8,456,1
5,12,2
134,555,3
107,122,3
140,394,1
144,540,3
3,10,2
4,586,5
70,419,4
64,253,3
139,400,5
118,152,2
60,165,2
69,351,5
111,320,4
54,583,3
13,230,4
137,215,3
23,594,5
141,326,4
62,448,2
17,491,4
16,199,4
89,484,4
86,595,5
112,389,1
133,302,3
5,154,4
60,60,1
47,385,3
143,36,4
46,476,5
79,244,4
29,398,4
128,582,2
96,203,5
41,62,2
113,363,3
122,575,4
98,272,3
83,112,4
115,183,4
118,460,2
121,404,2
54,223,2
63,54,2
5,152,4
141,208,5
130,294,5
93,13,2
59,195,4
36,210,1
21,92,4
39,193,1
74,53,3
58,85,2
43,59,4
68,326,2
96,292,5
20,569,1
64,234,4
145,327,5
138,593,3
13,168,4
43,218,2
149,280,3
6,456,1
72,220,4
121,190,4
50,186,4
23,49,1
104,31,1
89,162,2
51,57,1
48,422,2
28,250,5
92,1,4
118,471,5
53,549,3
22,361,3
134,15,3
79,111,5
128,400,5
148,456,4
2,353,5
114,204,2
117,98,5
56,308,2
97,288,2
9,243,2
66,328,5
146,93,2
115,100,2
20,417,5
5,430,3
40,62,5
39,422,4
94,327,2
23,186,4
42,75,2
49,338,1
5,364,2
79,457,5
56,453,4
47,219,2
69,385,3
14,290,5
137,213,2
101,501,3
11,295,2
17,57,1
35,515,3
80,466,5
76,493,1
48,424,1
146,11,5
125,59,3
132,306,5
64,128,2
76,229,5
53,200,3
6,230,5
30,209,4
67,95,5
138,500,4
57,196,1
3,132,1
113,167,4
148,3,5
45,269,4
77,218,4
3,375,3
43,61,5
15,329,3
149,368,1
132,415,2
108,419,2
3,214,3
80,452,5
16,505,3
86,15,1
74,77,4
121,267,3
62,329,5
103,517,4
126,483,4
138,548,3
141,594,2
80,392,3
130,202,2
29,177,3
126,226,4
83,37,4
51,171,2
72,481,3
60,302,5
147,105,1
75,73,3
8,530,1
1,215,1
94,370,2
90,580,3
149,225,4
91,18,4
5,67,4
76,491,3
65,141,5
144,232,4
12,429,2
97,417,3
115,509,1
136,271,3
59,94,2
116,192,2
44,333,4
39,102,2
114,387,3
135,381,3
31,243,3
5,142,5
61,433,1
82,395,2
137,155,3
58,568,2
126,145,2
28,171,3
79,352,5
53,263,3
116,396,1
139,430,1
71,599,2
81,83,4
15,199,4
70,367,3
38,373,2
10,327,3
95,213,5
116,108,2
113,129,1
16,517,2
115,142,4
100,498,1
66,194,5
15,469,4
4,575,5
73,242,1
77,505,2
49,353,5
10,513,2
114,214,2
45,283,1
110,215,5
29,114,4
120,572,3
6,352,2
113,414,5
2,268,4
112,245,1
75,591,1
103,44,2
19,412,4
40,255,1
99,72,1
149,211,5
24,589,3
104,160,5
117,192,5
65,429,4
124,36,5
57,428,3
100,231,4
146,343,2
18,397,2
15,137,5
69,368,2
42,4,4
131,76,2
29,60,4
64,250,5
49,174,2
19,182,3
86,72,2
98,481,3
38,383,4
26,572,2
128,84,5
78,528,2
82,161,1
71,300,5
137,419,2
102,499,5
81,170,4
119,20,1
32,95,2
53,476,5
98,386,3
88,358,4
111,162,5
37,254,4
127,283,2
101,61,5
46,429,4
90,331,1
36,358,5
36,562,5
75,572,3
144,262,5
116,490,1
112,183,2
87,394,4
87,149,4
93,423,4
86,475,4
138,543,1
125,232,4
134,132,4
110,201,1
79,554,1
139,450,3
85,128,4
52,587,5
117,513,3
13,357,3
6,344,2
132,594,4
69,61,2
110,339,1
78,69,2
7,380,3
31,569,2
95,221,5
66,190,3
124,52,3
132,208,4
121,60,1
40,488,4
84,522,3
34,310,3
3,65,2
65,261,3
80,343,3
122,44,3
3,389,5
128,469,5
79,473,4
77,390,3
135,486,3
40,121,3
84,566,4
86,48,3
84,557,2
113,266,4
125,29,1
116,61,2
135,386,5
26,461,2
32,581,3
91,284,4
75,38,4
27,119,5
129,544,1
7,518,3
95,586,2
109,16,1
71,489,1
9,290,3
9,597,4
102,595,2
25,400,1
19,370,1
131,375,4
66,68,5
40,17,1
96,530,4
28,144,4
138,81,2
55,154,3
89,46,5
144,425,2
27,443,2
106,566,4
131,398,1
93,349,5
59,190,3
31,544,2
44,178,5
10,498,2
147,70,2
134,216,1
68,515,5
92,558,1
57,67,3
137,384,3
18,32,2
69,328,5
97,284,4
4,34,4
76,408,2
23,118,3
77,545,3
80,462,5
67,62,5
85,389,5
126,135,4
148,276,4
51,529,1
147,467,2
75,447,3
62,112,5
59,136,1
131,134,2
140,509,4
89,562,4
132,398,3
94,199,4
87,55,5
49,72,5
144,582,4
53,552,5
15,227,4
132,443,3
135,249,3
131,556,5
121,305,4
105,30,1
2,504,5
55,110,1
1,76,2
62,480,3
109,270,3
75,33,2
32,104,1
93,35,5
119,61,5
108,71,4
140,1,2
92,184,3
64,532,5
129,112,4
68,54,4
24,331,3
84,169,5
125,397,1
49,428,2
127,8,2
127,320,5
54,236,4
3,204,4
122,188,3
2,249,5
104,81,4
95,368,5
140,569,3
13,49,2
107,158,5
25,555,2
86,343,5
65,270,3
37,433,5
27,354,4
34,567,3
45,425,1
26,31,5
136,577,3
11,377,2
25,166,1
97,178,1
2,534,2
17,272,3
1,174,2
143,261,4
36,592,2
78,457,5
144,350,3
99,569,2
89,291,3
74,5,5
150,343,5
90,383,3
70,203,5
113,331,2
6,429,4
127,588,4
31,410,4
12,190,2
128,347,1
10,178,2
148,122,4
90,596,1
76,302,5
62,505,2
25,367,5
30,452,5
128,396,2
148,419,5
91,183,2
30,43,1
76,595,3
54,85,4
59,358,1
87,455,5
32,210,2
47,115,1
21,401,2
45,58,4
137,9,1
48,346,5
106,25,1
116,47,3
103,42,4
78,595,5
115,247,1
100,226,3
75,125,1
39,501,5
70,505,3
149,11,2
50,386,1
46,447,2
129,203,1
99,108,1
73,410,4
122,148,2
32,476,4
35,466,5
25,172,4
8,162,2
118,440,4
83,236,2
118,542,4
74,482,1
31,236,4
32,316,3
111,552,3
42,353,5
11,338,2
56,445,5
50,323,4
21,484,2
140,456,5
39,310,4
135,240,1
22,36,5
127,394,1
60,106,1
80,237,5
147,561,3
131,329,4
59,14,1
33,298,4
54,539,5
142,393,2
71,252,5
91,116,3
74,22,2
142,12,1
17,306,5
19,323,4
90,278,3
130,48,4
140,48,2
113,162,4
144,453,5
97,431,3
38,529,3
95,57,1
93,185,1
134,260,5
22,569,1
67,354,5
72,418,3
32,481,3
38,119,2
21,593,3
62,482,1
20,398,3
109,174,2
81,501,2
92,140,1
34,258,4
35,598,4
92,326,4
128,593,1
56,24,2
92,95,1
108,441,4
37,450,5
141,384,1
5,516,1
60,108,5
126,236,5
90,170,5
27,512,3
42,348,1
116,24,1
52,406,4
113,518,2
3,447,1
36,193,4
129,78,3
39,513,3
12,85,1
134,179,5
21,474,1
105,352,5
30,533,3
70,300,3
26,145,1
64,574,5
70,86,3
140,165,2
78,232,2
73,499,3
116,495,3
46,36,4
44,470,5
143,319,4
91,160,1
103,130,3
72,55,1
9,204,2
14,417,3
2,471,5
10,153,5
85,336,2
64,158,1
78,240,2
17,44,1
5,371,5
52,85,5
48,373,1
37,208,1
125,373,4
96,90,5
96,366,3
53,445,5
91,370,3
144,311,2
109,589,4
84,247,1
90,366,4
26,106,3
59,11,5
35,143,5
64,396,2
31,35,3
61,338,3
32,593,1
138,186,3
85,394,1
33,232,5
2,132,5
114,566,3
110,82,4
34,522,5
16,287,3
103,75,3
109,344,5
139,321,5
137,174,3
35,37,1
80,183,4
115,71,2
138,190,2
71,489,3
29,573,3
78,305,2
81,217,1
25,285,5
30,468,3
60,431,2
89,209,2
148,280,1
56,452,3
37,140,4
58,598,4
37,355,1
22,480,5
132,438,4
50,275,3
100,156,4
7,30,4
137,27,5
92,452,2
40,171,3
71,52,3
8,383,2
106,353,4
8,94,3
62,67,2
42,343,2
126,73,5
108,240,3
58,22,5
59,93,3
102,33,4
139,595,5
132,471,5
137,549,4
66,264,5
47,194,3
80,564,1
95,32,4
112,146,3
64,583,1
30,178,2
133,3,4
43,344,4
58,510,5
134,569,5
100,567,1
64,364,1
119,421,1
12,518,4
121,406,1
33,431,3
28,56,3
140,170,1
150,153,2
57,86,4
42,363,1
26,196,2
19,371,2
145,348,1
133,422,2
138,233,3
6,246,5
92,402,2
121,392,1
72,132,1
138,350,5
146,444,1
84,69,2
81,94,1
85,351,2
22,151,5
10,387,2
8,519,5
28,555,1
149,488,1
6,284,3
144,25,3
46,334,5
48,337,3
57,323,1
72,427,5
128,485,4
17,450,4
52,34,2
107,303,4
96,329,3
145,200,2
113,452,1
32,219,4
77,547,1
23,21,1
26,144,3
23,343,2
125,448,1
43,71,2
41,213,1
9,551,4
32,566,2
6,476,2
19,348,5
12,174,2
126,158,3
52,62,1
82,453,2
99,379,2
107,195,3
71,135,5
41,464,3
35,452,5
3,308,1
98,226,5
102,526,5
83,96,2
109,241,1
97,117,4
90,496,3
8,346,1
137,90,3
146,514,3
148,5,2
49,475,2
24,466,3
89,522,3
24,447,1
42,209,1
86,384,4
99,514,5
104,119,4
38,510,4
142,583,3
75,182,1
102,206,3
88,65,3
67,115,1
109,225,3
148,416,5
70,477,3
25,1,1
21,49,4
119,383,4
39,546,2
108,248,1
88,548,4
106,212,2
29,87,1
117,94,2
146,100,5
72,520,5
10,352,3
107,598,4
96,480,4
5,80,2
59,391,2
18,371,1
94,429,4
43,517,3
60,205,3
78,460,3
100,312,2
14,58,3
43,380,2
125,554,4
135,140,4
68,387,2
35,359,4
143,87,1
77,85,4
121,453,3
149,90,2
22,598,5
132,194,5
52,452,4
130,91,1
33,399,4
42,362,4
122,347,4
49,58,1
121,139,2
35,560,4
79,428,1
34,559,3
132,221,2
11,45,3
124,23,1
57,578,5
74,325,3
29,584,2
96,73,2
4,438,3
74,583,1
80,452,1
70,271,2
72,353,2
97,380,3
74,395,1
71,38,4
138,75,2
71,550,2
7,510,3
16,296,5
146,485,4
68,212,1
113,49,4
141,375,1
6,515,5
149,90,4
112,214,4
52,45,5
111,188,4
70,50,3
93,485,5
87,63,3
70,490,2
6,49,2
51,354,1
52,13,4
74,403,2
89,331,5
34,600,5
52,337,1
73,94,1
148,359,5
12,430,4
131,499,5
120,490,2
103,10,3
38,51,4
109,108,3
56,243,4
40,145,5
148,279,4
106,458,4
97,568,5
89,488,5
9,562,5
29,109,2
144,597,5
28,585,4
148,117,4
10,142,2
150,90,1
58,66,4
94,450,4
105,146,2
17,224,2
53,92,1
100,585,3
47,65,1
19,494,2
94,361,3
64,431,1
132,549,2
145,171,3
124,140,3
59,56,3
58,403,1
49,537,5
15,124,5
76,121,4
116,158,2
19,58,5
37,17,5
149,467,5
81,336,4
91,281,2
70,234,3
93,71,5
3,454,5
26,95,5
85,247,3
146,392,4
141,600,3
150,455,4
84,178,1
114,254,5
11,237,2
27,53,2
42,98,5
18,553,4
108,417,5
106,218,2
57,401,3
132,403,4
21,205,3
13,580,5
137,346,4
72,494,5
86,432,2
32,383,5
60,464,5
119,300,3
134,547,5
133,270,5
67,110,2
114,498,1
36,231,3
106,583,3
116,523,4
3,476,4
136,396,2
81,285,4
36,502,5
58,140,3
38,391,3
109,31,4
117,87,3
57,51,1
121,51,2
57,272,3
35,547,4
79,148,2
68,299,3
66,393,3
73,282,3
71,59,3
22,497,4
66,243,1
100,540,3
18,115,2
145,462,4
19,29,5
131,441,3
12,580,1
15,372,1
2,334,5
5,600,5
76,154,5
106,240,4
123,344,2
101,140,5
144,480,5
4,191,2
12,533,5
146,214,2
12,224,2
128,94,3
135,178,5
122,147,2
100,543,3
84,538,4
117,225,3
13,46,5
37,365,1
43,326,2
105,14,2
55,308,1
136,286,2
146,387,5
148,394,2
116,418,1
98,510,1
16,18,1
9,203,5
48,21,4
63,148,1
26,247,2
3,61,2
150,113,4
138,91,3
64,358,5
138,239,4
62,372,4
62,270,2
97,451,2
55,392,3
33,39,4
48,6,4
110,557,2
124,316,2
138,367,1
71,397,5
112,176,4
115,243,2
66,19,3
64,34,3
64,6,1
56,10,4
150,575,4
78,80,3
33,330,1
18,552,4
132,472,2
18,370,3
97,513,2
127,505,3
13,243,4
60,567,4
79,111,5
96,323,5
121,280,2
122,302,2
142,267,5
147,489,3
37,118,1
102,300,2
108,180,3
111,599,3
138,142,4
144,129,3
30,244,1
2,413,4
18,303,2
116,419,4
137,580,1
116,252,2
137,490,1
124,91,2
96,467,5
17,277,2
76,185,4
57,365,4
59,570,1
81,422,2
97,131,5
131,337,3
49,86,4
97,459,5
24,415,5
35,113,3
15,247,1
22,57,3
57,421,3
27,405,3
44,4,3
26,464,2
54,378,4
146,41,2
66,545,4
140,114,1
44,167,3
47,556,5
29,75,2
81,303,1
32,331,5
3,95,2
71,206,1
42,73,2
5,173,3
103,123,4
59,16,5
104,43,3
112,360,4
70,533,5
116,380,4
11,593,4
82,374,1
80,433,4
79,482,5
84,186,3
10,44,1
83,150,5
18,316,4
83,592,2
131,236,2
16,251,1
140,178,2
23,440,3
33,319,4
15,159,1
116,169,4
21,530,3
76,194,4
24,18,5
103,10,1
12,521,3
39,375,3
93,259,4
132,50,5
115,218,3
147,380,4
26,591,2
147,176,5
77,77,5
91,592,1
33,503,2
45,90,5
44,522,4
114,218,1
148,562,2
91,179,3
36,430,2
103,393,1
24,231,2
45,23,3
40,123,2
6,169,2
134,340,5
97,141,3
104,454,1
95,503,1
92,559,3
125,117,2
44,117,1
144,179,4
52,435,3
28,450,4
108,298,4
36,216,4
48,134,3
124,519,4
36,350,2
31,139,5
123,454,1
104,211,3
82,257,5
22,81,1
10,23,2
85,502,4
43,57,3
144,138,5
97,363,4
82,99,5
139,510,1
22,182,2
33,546,5
60,49,5
126,68,4
56,8,5
98,253,5
73,321,5
68,269,4
102,325,1
7,44,1
18,450,3
122,343,1
13,112,1
6,398,4
134,308,5
122,350,4
65,65,1
149,572,2
148,452,2
22,168,5
96,404,3
147,49,5
106,585,5
99,101,2
128,227,1
116,435,4
35,228,5
100,434,4
106,153,4
91,476,5
23,190,4
100,33,5
67,150,1
81,100,5
30,41,5
82,434,1
4,16,4
34,521,4
47,190,4
95,281,4
115,264,2
136,419,2
114,271,5
140,173,3
7,161,2
67,70,1
132,180,1
146,307,1
55,169,1
40,185,5
125,481,5
140,92,2
1,82,2
104,582,4
57,582,3
62,231,2
53,38,4
150,195,3
97,500,4
92,462,1
2,595,3
60,456,2
3,530,1
121,466,5
28,390,4
96,415,5
107,45,1
58,246,4
133,562,3
5,505,1
30,229,5
73,253,2
74,287,3
53,506,2
59,177,2
100,476,3
47,6,3
10,427,2
133,100,4
112,34,2
58,589,1
109,457,2
96,570,3
76,52,3
54,475,4
148,141,3
61,93,5
10,148,4
70,146,4
140,557,2
88,223,3
119,274,5
68,567,5
138,591,1
23,174,5
23,547,3
23,154,1
60,463,4
91,145,5
98,401,5
113,258,1
19,352,4
83,340,2
64,498,1
72,498,4
58,381,2
129,81,4
107,41,4
72,45,1
1,560,4
48,597,5
42,393,4
55,15,3
80,409,4
131,236,5
126,341,1
59,465,5
130,111,4
13,515,4
54,574,1
87,522,5
23,10,1
8,394,5
79,379,5
118,426,4
67,81,4
83,158,1
48,357,5
49,107,4
16,466,5
147,162,5
83,588,5
45,367,3
150,387,4
21,444,2
64,104,5
78,434,5
14,103,3
102,209,3
106,572,2
127,130,1
15,205,2
29,257,1
71,458,3
52,47,2
110,138,2
48,394,3
24,342,4
61,337,2
137,315,1
98,273,3
138,515,4
100,190,4
73,314,3
77,204,2
84,159,1
129,166,1
24,408,3
65,337,3
23,475,4
110,586,2
6,582,2
89,564,1
138,398,2
141,165,3
29,30,4
100,486,4
85,266,1
128,211,5
129,81,5
52,244,2
41,66,5
29,502,2
147,447,1
137,528,3
60,329,3
104,595,3
28,176,5
21,102,1
133,305,1
42,59,5
22,144,3
51,368,5
78,329,2
29,348,4
126,121,1
80,229,4
132,574,3
113,387,4
150,487,1
111,106,5
42,135,5
139,243,1
106,89,5
38,491,1
148,120,3
32,557,2
92,254,2
143,536,2
15,25,1
59,444,1
89,296,4
117,362,3
7,160,2
138,78,5
143,282,5
49,294,4
48,290,1
42,107,2
105,200,3
88,272,2
73,210,5
34,37,4
22,415,3
138,137,1
33,460,5
142,549,5
4,352,1
5,477,2
65,395,5
11,192,1
39,283,5
33,12,1
63,291,2
69,215,4
65,148,4
111,95,5
119,177,2
32,390,2
86,42,1
50,166,1
114,597,5
99,135,2
25,500,5
90,356,5
2,363,4
61,489,4
70,118,5
109,432,4
90,28,3
15,506,1
118,483,4
45,292,2
38,539,3
113,582,2
76,134,3
39,366,3
96,352,3
11,6,1
10,123,2
67,354,1
72,9,2
46,266,1
76,531,2
124,389,3
82,491,3
40,208,1
124,55,4
26,277,1
33,236,3
54,332,5
126,479,5
74,449,3
13,268,2
42,372,4
85,302,3
11,145,4
10,93,4
19,593,1
113,269,4
84,560,3
41,73,3
75,565,3
41,40,4
70,206,1
16,475,2
97,211,4
1,509,3
64,182,4
71,293,4
100,592,4
122,392,4
120,550,3
139,510,3
11,196,5
22,571,4
11,229,2
72,410,3
102,562,5
93,409,5
122,540,5
93,404,2
41,113,5
143,403,1
76,551,1
138,530,1
132,539,1
51,88,4
147,137,2
91,34,1
72,572,4
73,477,2
90,265,1
31,459,1
55,405,4
29,540,4
78,283,5
70,287,3
42,427,5
11,181,4
17,304,4
79,38,4
102,594,1
44,539,4
123,47,2
105,178,3
112,487,3
66,454,2
33,162,4
99,264,1
12,208,1
103,409,4
6,77,3
20,368,5
136,304,2
25,190,1
115,485,5
21,29,3
49,211,2
15,207,5
137,10,3
3,280,1
31,382,5
104,138,2
88,142,5
66,548,2
107,284,3
81,574,5
113,339,4
80,464,2
126,82,2
112,105,4
9,483,1
69,337,4
14,162,5
135,103,2
99,111,1
134,468,3
61,22,3
35,494,5
145,319,2
136,162,5
125,356,5
109,122,4
142,474,1
60,520,1
74,445,3
47,381,5
91,157,4
98,537,4
113,165,5
141,251,4
79,595,3
138,36,4
137,69,1
11,384,3
28,114,4
68,241,2
53,234,2
84,183,3
38,489,1
93,312,3
41,98,5
34,38,1
61,57,5
149,119,1
135,506,5
110,162,3
36,354,3
11,565,3
108,518,4
19,227,2
88,417,5
145,45,2
110,271,1
113,202,4
114,51,3
118,268,4
76,465,5
130,161,4
39,297,4
100,239,2
118,133,2
30,231,5
45,88,2
132,586,3
51,369,3
19,43,3
148,474,1
16,184,5
24,149,5
99,406,5
79,220,3
12,118,2
134,220,1
109,299,5
39,153,1
34,60,4
10,597,4
62,74,5
34,53,3
86,20,3
74,552,2
144,325,3
31,268,5
124,367,3
60,457,5
147,407,1
2,486,5
9,131,5
129,251,5
9,599,2
47,388,1
149,58,3
81,169,2
21,477,4
118,112,4
149,154,1
138,310,2
17,274,5
44,388,1
10,331,1
62,565,1
72,297,2
58,68,1
59,289,4
69,564,3
104,445,4
80,70,2
150,171,4
26,52,1
19,360,2
60,351,5
80,563,5
26,514,4
6,475,5
52,67,4
61,15,1
22,353,4
131,480,5
87,503,5
119,501,4
38,511,1
89,484,2
94,28,2
117,527,2
8,144,5
62,226,5
105,591,5
82,402,4
46,251,5
4,454,2
58,213,4
96,592,4
117,83,3
60,317,4
25,103,1
66,107,4
117,302,5
146,354,3
37,433,3
39,85,4
43,275,4
10,11,2
21,251,3
117,204,2
93,24,2
65,479,3
131,387,1
40,465,3
32,187,5
58,381,4
140,553,1
2,333,5
127,182,5
124,97,2
64,307,5
66,498,1
88,401,4
24,175,1
46,140,3
99,224,2
131,88,5
94,368,2
78,575,3
119,154,1
26,338,3
126,169,1
112,10,4
94,214,3
111,428,1
115,161,2
71,244,2
5,518,2
50,4,5
65,85,4
71,377,5
127,456,5
3,504,4
45,439,1
13,288,5
135,271,5
9,257,5
65,561,5
53,127,3
50,109,1
5,244,4
31,454,1
60,44,5
5,327,4
104,109,5
30,250,1
131,444,3
28,276,3
53,464,5
85,189,3
66,225,4
100,336,1
90,110,5
66,407,5
62,150,4
10,36,5
11,114,2
82,216,5
105,10,2
55,175,5
149,423,3
22,245,3
89,152,4
32,26,1
107,148,5
66,412,5
26,318,4
34,358,4
104,484,4
95,174,4
43,560,2
108,388,1
117,22,1
24,301,4
41,480,1
113,586,1
20,227,2
36,213,1
22,236,3
34,285,3
99,52,5
55,597,5
22,121,2
111,378,5
13,225,1
149,584,4
128,552,2
96,362,5
26,107,5
75,144,1
129,260,4
134,397,2
16,489,4
65,552,2
92,246,4
24,80,3
15,98,3
138,446,1
129,442,3
124,541,1
90,80,1
27,85,4
68,439,3
79,307,1
121,252,1
34,449,3
40,551,1
21,556,2
6,363,2
79,183,3
80,600,3
107,332,3
120,166,2
93,95,2
134,349,2
10,30,4
140,150,5
101,233,2
149,349,5
139,487,2
104,1,4
49,235,2
142,30,1
28,265,2
12,423,1
150,571,1
79,253,5
100,119,5
150,137,1
83,577,4
32,469,3
136,29,5
106,244,5
4,360,2
47,81,4
30,19,4
22,273,3
6,175,3
38,526,3
55,343,2
119,457,2
121,199,1
92,435,4
103,365,5
19,307,1
2,587,5
102,24,3
29,565,4
134,79,1
100,62,3
111,82,4
120,578,2
66,301,1
132,85,3
81,55,4
147,557,5
32,431,1
26,197,4
113,70,1
131,223,5
125,282,3
117,546,2
9,22,4
45,295,2
52,512,3
117,22,5
58,572,3
29,23,1
78,507,1
111,70,1
124,558,1
106,114,1
27,523,5
112,540,3
68,221,5
56,351,2
73,571,3
105,228,3
15,580,3
16,541,2
81,359,5
147,280,1
1,334,5
61,340,3
59,157,2
28,469,1
20,42,2
147,544,5
27,133,4
135,127,1
59,262,5
23,158,3
136,580,2
145,35,1
37,378,1
93,317,5
138,403,4
102,225,4
112,399,2
78,129,4
53,282,4
16,351,1
147,494,1
119,593,3
116,337,4
27,319,5
135,20,1
150,456,2
125,407,4
150,490,1
93,488,1
124,520,5
136,211,1
124,238,4
21,565,3
57,256,4
81,174,1
77,444,4
48,451,2
140,126,1
139,311,1
110,394,2
76,355,4
139,459,5
35,472,2
75,472,5
39,157,5
20,446,1
67,382,3
23,250,3
69,537,3
86,553,2
106,351,4
146,221,4
26,401,2
48,198,3
6,31,4
87,379,2
101,416,2
144,219,3
94,56,4
149,200,5
34,104,2
111,552,3
50,520,3
107,495,2
74,291,2
111,351,1
10,457,5
113,145,2
5,154,2
135,461,4
93,434,5
65,177,3
14,338,5
16,44,5
130,312,4
142,99,3
94,312,2
136,483,2
50,20,1
142,428,2
42,466,3
101,444,4
106,271,5
142,567,5
7,351,1
9,527,4
124,348,4
10,557,5
100,478,4
36,19,5
135,516,5
145,150,1
122,596,3
28,462,3
142,214,5
118,443,4
41,249,5
82,457,5
126,424,1
100,533,3
43,242,2
119,171,4
38,578,1
124,485,1
128,68,2
24,115,3
119,489,2
145,36,3
90,54,2
146,125,4
16,590,5
26,290,1
137,391,4
149,562,2
43,368,1
70,481,3
108,236,5
109,231,3
140,305,2
84,206,1
62,481,4
99,579,5
67,280,1
21,344,4
24,115,5
14,45,3
46,435,1
9,533,2
124,224,1
38,545,3
101,33,3
117,424,4
61,258,1
112,457,3
128,106,1
63,430,1
149,54,4
30,294,1
125,343,1
2,237,5
46,286,5
85,427,3
12,319,2
109,407,1
99,166,3
130,237,3
96,195,2
75,60,1
13,534,4
70,484,4
34,204,4
133,218,4
147,68,1
84,584,5
63,242,5
33,92,5
18,523,1
23,77,3
119,275,4
7,27,4
99,173,3
93,151,5
72,102,4
90,527,4
19,230,1
84,27,3
108,85,2
14,162,2
143,324,3
125,590,1
115,273,4
140,186,4
65,535,5
136,439,3
90,126,4
88,351,5
44,9,1
150,521,2
42,405,1
87,417,5
24,105,4
56,330,5
122,134,5
38,270,1
62,106,3
28,284,2
150,487,2
120,363,1
146,370,1
42,251,2
20,293,5
127,249,5
85,572,4
109,402,2
148,531,5
97,520,3
50,216,2
36,101,4
73,2,3
27,496,4
117,279,5
20,552,5
103,120,1
3,319,2
36,503,4
59,170,3
129,445,3
12,548,3
104,284,4
87,7,1
8,141,3
46,71,4
60,344,2
46,90,5
142,406,3
145,378,1
89,335,1
98,218,5
73,502,2
39,411,5
27,310,3
28,137,1
112,58,2
93,245,4
59,32,3
145,302,3
113,540,5
137,573,2
29,559,4
25,531,1
29,30,5
50,491,2
137,595,3
131,522,3
101,491,4
148,281,5
50,413,4
50,587,4
109,461,2
34,60,5
6,197,3
111,282,2
19,340,2
62,175,1
150,364,5
28,154,2
66,34,5
124,153,5
97,278,5
98,85,3
128,591,1
107,302,4
53,17,3
117,89,2
6,579,5
121,27,3
35,264,1
115,356,1
8,89,2
75,201,5
116,290,3
26,324,2
9,368,2
140,232,1
46,104,3
109,489,1
87,341,1
16,354,2
43,180,2
54,2,5
53,78,3
74,152,2
78,163,2
17,444,1
78,3,5
141,591,2
88,339,5
85,377,2
71,147,1
89,317,5
53,65,5
128,336,5
39,98,1
83,430,3
56,261,4
102,144,2
38,523,1
136,31,1
133,387,3
145,69,3
52,177,1
88,108,4
100,272,4
31,465,5
58,538,3
111,570,5
26,55,4
24,586,1
116,414,2
52,283,5
78,457,1
73,123,4
15,552,3
60,370,2
96,342,3
97,25,5
101,46,3
116,232,1
66,218,3
25,214,3
149,588,1
17,180,1
60,546,2
7,483,2
96,298,2
69,100,2
19,6,3
13,469,3
105,599,5
7,378,3
76,473,4
77,181,1
143,395,5
60,142,4
113,585,4
38,342,1
5,258,3
26,307,3
52,25,4
92,92,1
123,156,5
147,414,3
81,327,3
21,426,4
27,39,3
45,375,4
68,373,4
39,485,2
88,129,5
95,4,2
105,531,5
51,45,3
93,306,5
123,142,5
82,81,2
66,20,5
104,14,1
34,467,5
16,195,4
53,37,3
50,226,2
122,529,2
96,183,2
126,236,2
48,584,3
92,418,4
17,330,2
41,412,1
27,139,3
57,310,4
125,230,1
125,126,3
102,231,1
73,433,1
138,73,1
87,256,2
18,520,1
91,356,3
105,5,3
6,314,3
128,7,4
116,166,4
34,561,4
137,390,3
141,475,2
24,595,3
39,177,5
2,77,3
136,163,3
135,105,2
80,225,3
33,374,2
142,449,3
2,522,5
9,583,2
74,309,4
117,519,2
77,435,2
5,139,5
22,341,4
97,32,3
52,132,2
31,273,2
19,414,3
37,558,1
85,142,5
45,364,2
35,437,3
18,418,4
124,497,1
40,475,1
62,84,5
119,546,5
83,183,5
67,78,4
31,38,2
67,334,3
84,340,1
36,117,2
115,126,4
2,57,5
60,479,1
24,37,3
131,192,2
107,43,3
109,82,2
67,58,1
75,276,3
70,576,1
99,13,2
129,144,3
134,207,2
9,27,1
133,357,1
131,96,1
82,460,5
133,588,3
22,539,3
13,447,2
14,550,2
16,561,1
85,300,3
29,82,1
25,66,5
101,309,3
27,561,4
127,48,2
134,544,2
5,203,2
144,317,5
96,433,3
86,54,1
59,420,4
133,432,5
7,341,4
77,45,1
67,230,5
67,235,1
48,15,2
53,193,1
46,576,4
94,91,3
23,206,2
74,337,5
97,418,5
130,312,3
118,394,5
71,322,1
33,356,2
105,542,2
95,355,2
23,493,2
48,105,1
128,7,5
19,199,4
60,466,2
129,365,1
107,252,4
63,54,2
120,280,5
39,598,1
27,410,5
103,203,2
130,122,3
51,485,2
42,186,4
49,555,3
1,520,4
67,427,3
78,238,3
91,124,1
81,550,1
97,438,4
23,537,2
116,470,3
146,148,3
122,159,1
25,129,2
109,436,2
11,83,2
133,222,4
13,197,1
88,296,2
142,57,2
35,368,3
45,526,3
14,188,4
128,504,4
13,400,3
41,221,5
100,462,3
84,552,3
87,137,4
94,381,2
26,207,4
93,196,2
26,421,2
123,493,2
45,153,4
48,581,3
123,92,4
144,62,5
133,455,4
119,187,2
3,175,4
113,55,5
18,481,5
4,542,1
108,43,3
20,102,5
96,581,2
64,553,2
25,524,5
52,270,5
58,331,3
17,64,4
66,278,1
57,250,2
19,421,4
81,157,2
133,114,5
102,496,3
83,587,1
6,136,4
123,426,3
69,378,2
134,30,5
9,334,4
127,502,2
75,144,4
48,526,1
90,163,5
6,59,2
68,137,4
119,436,3
12,505,2
60,316,4
148,53,3
86,303,3
89,374,4
128,497,3
62,416,3
139,45,5
115,284,5
101,399,3
45,468,2
52,177,4
63,205,1
24,237,5
131,482,1
2,56,1
53,318,2
31,416,2
128,420,1
82,2,4
96,173,1
38,593,4
50,582,1
67,382,5
137,189,3
65,287,2
2,55,4
54,77,4
71,564,5
150,450,4
146,96,3
142,32,3
124,551,1
80,92,3
4,66,5
5,285,3
34,4,1
125,121,1
95,23,2
2,304,4
47,276,4
66,243,2
90,48,4
67,175,5
27,480,1
136,290,1
43,165,2
48,61,5
111,362,2
85,150,2
77,101,5
98,266,4
56,223,2
103,505,5
114,210,2
68,513,4
127,125,3
14,529,4
104,462,1
105,92,4
148,262,1
25,494,1
88,546,3
89,261,1
145,2,1
25,248,4
5,576,4
87,151,4
44,38,5
117,246,2
38,533,2
2,590,3
78,486,4
85,280,1
1,461,5
87,357,1
75,100,3
134,13,3
130,390,1
133,54,1
116,77,4
71,280,4
125,415,5
64,442,5
121,531,3
116,292,2
22,386,3
23,357,1
18,330,4
81,507,4
56,336,1
113,61,2
130,230,1
23,401,2
62,421,2
30,527,2
109,599,1
127,109,4
28,333,5
126,152,3
33,170,3
105,201,5
134,567,4
23,132,4
10,547,1
36,75,4
80,70,3
30,66,3
102,199,3
146,163,4
89,378,5
72,519,1
134,203,4
143,244,4
9,300,4
145,575,4
77,474,5
57,227,5
138,115,1
132,188,3
36,384,3
32,487,2
6,340,1
133,443,3
71,358,2
1,477,1
107,357,5
79,75,4
35,347,4
115,562,5
91,138,1
32,575,1
105,172,4
47,149,1
2,399,4
125,385,1
120,523,4
44,334,4
149,72,2
150,286,1
32,95,2
64,451,4
41,106,1
56,70,5
20,297,4
78,373,3
105,490,1
136,578,3
26,83,3
13,426,1
52,325,3
116,79,4
95,22,3
83,311,2
48,123,3
144,498,3
102,190,3
75,165,1
2,194,4
102,482,5
97,582,4
97,529,1
4,452,5
109,107,4
136,519,5
114,170,5
95,25,4
67,240,4
35,276,1
127,161,2
64,312,1
33,107,4
64,356,2
54,29,2
77,368,2
48,242,5
92,71,1
96,14,4
36,410,2
106,559,5
125,283,1
143,33,5
21,369,5
10,232,2
134,321,4
147,239,1
118,115,5
17,21,3
96,197,3
93,267,1
73,449,5
40,123,5
74,323,2
30,485,3
32,537,4
72,294,4
41,337,2
121,479,2
45,218,4
72,135,4
76,33,2
134,286,1
9,279,5
39,118,2
61,25,4
110,522,3
107,3,1
131,322,1
97,14,3
43,579,5
39,209,1
56,276,4
34,260,4
77,194,1
52,237,4
23,141,3
137,237,3
103,169,3
8,488,4
146,550,4
101,583,2
13,520,3
38,132,2
13,108,1
92,422,1
92,491,5
118,280,3
138,306,1
20,125,4
109,156,4
54,114,3
122,279,4
32,43,1
10,141,3
78,288,3
51,461,3
146,288,2
86,385,5
68,56,4
99,3,3
89,504,1
82,37,5
123,584,2
43,455,3
17,243,5
102,200,4
116,427,4
90,552,4
132,419,1
141,386,5
96,30,3
121,546,5
36,428,5
3,450,3
84,570,3
32,574,5
147,113,5
96,118,3
9,205,1
18,388,1
116,12,5
127,81,2
122,136,3
7,266,1
9,297,1
89,334,5
67,279,4
143,346,3
55,517,4
41,267,2
132,142,4
46,147,3
20,149,3
89,462,3
107,62,2
86,321,3
32,91,5
4,536,4
49,214,3
57,249,2
31,274,4
93,364,2
7,589,1
10,120,3
120,81,2
25,59,5
2,204,4
76,547,2
63,587,5
97,553,5
30,381,1
38,320,3
136,142,1
40,501,5
129,8,2
40,497,1
150,26,1
37,108,2
113,100,1
70,406,4
3,426,2
37,35,1
27,270,3
16,381,4
54,477,2
110,194,3
148,91,1
8,570,2
37,327,4
38,81,3
72,435,4
134,74,5
57,184,4
20,296,2
91,569,2
65,454,5
101,18,3
145,204,2
101,593,5
142,297,1
118,279,3
41,330,2
145,560,5
87,446,4
54,211,1
82,314,3
30,430,5
82,523,4
32,233,5
105,299,5
103,44,1
137,29,5
21,483,4
136,495,4
106,41,4
78,326,3
48,198,5
56,191,1
144,494,4
144,7,5
93,490,1
47,504,2
126,2,5
83,14,2
39,288,3
107,319,1
40,453,2
7,494,3
20,331,2
83,557,2
105,327,5
91,84,4
77,108,5
26,540,4
122,331,5
45,81,1
91,119,2
25,568,2
100,437,1
131,21,2
42,121,5
124,266,1
26,216,2
108,352,3
43,138,5
82,151,1
34,545,1
13,266,1
37,210,1
26,161,4
85,76,5
61,600,1
135,254,3
108,396,1
96,324,4
138,459,3
122,96,3
84,126,4
70,153,5
84,349,2
90,371,1
85,114,4
93,307,2
123,68,1
16,143,1
130,84,1
29,512,4
52,445,5
54,382,1
134,483,1
93,547,2
59,561,2
63,78,1
46,223,1
36,228,4
130,312,4
74,42,2
109,223,3
57,298,5
115,236,3
59,185,5
108,546,4
20,45,5
51,145,4
54,465,2
68,156,2
54,356,3
122,229,5
127,589,5
30,600,1
2,145,1
44,146,5
19,570,3
144,394,4
141,251,4
120,360,2
107,188,5
116,62,3
110,107,3
141,197,5
64,271,5
50,554,1
121,237,4
136,242,2
128,395,5
44,173,3
24,503,5
133,347,5
24,4,3
92,248,2
39,568,2
45,417,1
17,574,4
27,43,2
24,137,5
116,549,3
86,260,2
134,399,2
149,196,3
100,306,5
47,333,5
46,311,2
53,577,3
105,347,5
5,528,3
57,332,3
81,117,3
90,581,4
92,323,3
108,316,5
41,592,1
143,324,4
104,406,2
39,259,2
6,574,1
119,314,5
123,464,3
1,69,4
98,475,2
69,247,4
141,77,2
140,366,4
138,138,4
1,375,1
94,108,4
53,42,4
144,10,4
130,391,3
92,393,4
117,323,1
146,280,5
50,196,2
16,171,2
60,350,1
9,486,4
58,495,1
12,213,3
77,432,4
30,389,3
52,226,2
24,1,3
131,541,1
6,83,4
102,345,2
149,312,1
7,373,4
103,49,1
126,295,2
88,41,3
28,419,1
37,212,3
110,131,5
136,222,1
45,359,3
34,39,3
80,511,5
24,122,1
105,129,2
64,107,3
45,261,2
106,466,4
121,405,1
19,525,3
132,191,5
8,295,5
112,497,1
67,481,3
80,143,2
128,410,5
51,193,1
70,598,2
77,279,3
82,496,4
25,83,4
100,413,5
63,565,3
91,221,3
61,214,4
80,548,2
38,556,1
146,542,3
80,4,3
58,23,4
142,413,3
13,490,4
37,54,1
45,308,1
70,54,5
82,94,4
78,192,3
59,320,5
93,152,3
136,506,5
85,463,3
30,50,4
117,90,3
58,423,2
78,314,1
131,171,2
14,136,2
79,196,2
106,478,5
38,51,2
50,386,5
133,294,1
98,122,4
99,195,1
82,124,2
51,172,1
109,116,1
149,265,2
25,102,4
107,524,3
90,84,5
69,256,2
65,230,5
31,8,1
46,508,3
99,22,4
55,212,5
128,77,3
5,464,5
71,357,3
132,379,4
32,455,1
36,78,1
69,140,1
35,370,2
5,447,3
82,296,2
63,185,5
102,251,1
72,132,5
77,11,4
149,457,5
143,168,1
123,359,3
9,91,3
54,323,5
28,220,1
93,264,1
132,217,1
12,244,4
4,212,3
127,329,1
48,165,2
60,213,4
108,295,5
109,233,3
49,588,2
99,162,4
130,323,3
56,249,1
78,55,1
63,331,2
110,220,4
6,103,4
51,141,5
146,368,1
91,438,3
83,418,1
21,86,1
21,389,2
79,324,1
124,295,1
132,106,5
38,174,1
80,151,3
47,419,3
19,172,5
9,459,1
116,304,2
129,24,3
22,178,1
12,144,4
69,145,4
140,319,1
82,563,5
34,225,1
104,587,2
124,36,2
101,385,5
65,122,4
102,204,5
102,286,3
136,49,4
29,473,4
56,360,5
118,369,5
95,509,1
94,228,3
8,487,1
47,550,3
111,533,3
54,458,4
63,189,2
31,220,2
64,512,5
102,267,3
123,521,5
117,441,3
61,272,2
120,154,1
54,158,3
66,281,2
13,163,3
52,457,4
26,347,5
79,436,4
63,185,1
45,398,2
59,585,3
89,422,1
113,596,2
150,164,4
42,289,1
90,111,2
127,506,3
72,17,5
77,56,5
67,315,3
125,168,5
75,20,4
107,100,2
82,563,2
84,267,4
40,326,4
7,396,1
133,83,3
13,103,3
139,485,2
96,308,2
121,158,1
95,274,4
15,177,3
85,324,4
110,293,4
55,570,2
144,394,1
30,104,3
71,83,5
57,330,1
135,570,3
71,172,2
109,391,4
53,557,2
144,588,1
87,66,3
67,156,4
24,373,2
75,479,1
11,569,1
29,244,2
113,48,2
80,490,1
70,541,1
62,218,4
125,328,1
142,388,4
145,539,2
9,86,2
146,165,3
119,364,5
84,351,5
54,223,3
104,196,4
13,452,3
75,358,4
124,187,2
105,444,3
72,474,4
110,64,2
145,485,5
43,113,2
129,531,3
97,582,2
131,361,5
76,562,4
11,87,4
138,301,4
56,436,4
126,207,3
11,536,1
86,360,5
31,25,1
130,213,3
90,253,3
9,161,5
115,336,3
44,41,5
117,478,5
104,227,5
86,331,2
59,270,2
104,594,1
99,518,3
8,581,4
134,141,2
135,174,3
104,88,3
21,374,4
54,390,2
122,520,2
27,390,1
103,399,2
99,529,2
135,291,4
1,444,1
79,456,4
52,292,5
69,149,2
126,7,4
18,528,5
69,548,4
77,581,5
133,105,4
101,280,5
40,549,4
33,593,4
101,199,1
79,367,1
37,488,3
26,90,2
108,23,2
1,518,2
97,101,4
136,466,2
51,434,1
75,377,2
98,578,2
64,514,5
53,223,1
145,511,3
57,541,1
90,1,1
131,589,2
146,223,4
51,131,1
27,424,3
52,257,5
85,131,4
31,588,4
42,400,1
37,14,1
79,361,5
10,117,2
10,422,1
137,198,4
8,289,3
80,486,1
123,186,3
108,121,4
146,484,2
141,355,2
67,76,5
11,52,5
103,505,1
115,1,5
62,318,5
149,254,5
71,52,2
106,520,1
148,557,1
63,134,5
127,558,2
51,157,5
141,184,5
29,577,4
23,473,1
123,108,1
73,474,4
64,512,1
132,103,2
64,365,5
82,207,1
131,482,3
9,580,1
149,466,1
91,543,4
13,57,5
146,94,3
6,409,5
26,177,5
33,75,1
1,334,5
88,329,2
142,58,4
13,367,1
55,212,3
41,111,5
79,517,3
29,539,1
60,500,5
14,568,2
121,32,4
48,539,5
106,15,3
75,72,4
1,288,1
51,502,3
112,76,3
71,344,2
138,579,1
74,96,2
50,319,3
11,261,1
2,565,2
94,588,5
72,297,3
108,371,2
52,21,5
64,269,4
27,128,3
70,83,5
89,319,4
113,209,3
17,208,2
128,506,4
22,469,5
35,220,2
78,189,3
131,9,3
122,554,5
83,163,5
103,332,1
88,566,5
134,343,5
42,68,5
17,36,4
35,288,5
91,394,1
149,428,5
65,551,5
118,366,4
121,511,5
106,552,1
127,183,1
112,257,3
27,124,4
20,271,3
139,163,1
118,412,3
57,162,5
51,40,4
132,160,5
119,486,4
28,178,5
42,176,4
134,42,2
134,503,5
112,387,5
117,49,1
20,143,1
5,491,1
125,361,4
57,165,2
59,542,2
18,273,4
110,201,1
149,136,1
22,548,4
129,81,2
94,215,3
100,337,5
59,72,5
26,110,1
26,11,2
102,133,5
40,368,2
130,450,4
52,366,1
82,364,2
88,138,1
51,131,4
64,213,2
106,381,5
147,324,1
22,353,3
126,125,3
71,563,2
138,286,3
17,160,2
89,556,3
142,466,1
12,187,1
100,134,3
92,572,2
73,34,1
148,65,5
92,527,3
114,383,1
22,286,2
93,152,2
133,469,2
31,211,5
87,598,5
71,404,3
109,565,2
48,408,5
79,429,5
143,572,4
55,562,2
85,267,5
83,431,2
96,462,1
105,569,3
67,498,1
148,26,4
110,387,1
136,419,5
21,32,1
38,159,4
123,255,3
93,198,3
90,305,5
44,49,3
77,20,4
147,545,5
99,26,3
6,586,3
19,81,1
150,584,1
55,392,5
114,443,1
37,370,5
51,285,2
21,123,5
149,118,3
3,467,1
43,54,3
72,442,3
84,421,4
66,355,1
38,31,3
137,399,3
112,306,2
119,149,1
52,367,4
10,444,4
108,139,1
36,203,1
92,161,1
17,269,3
36,595,5
110,377,3
120,224,4
59,392,2
69,591,4
109,317,4
103,58,1
82,367,4
120,50,4
76,40,3
66,414,1
105,436,3
143,63,5
28,465,1
139,289,4
138,160,4
125,559,3
147,468,5
130,437,5
29,85,4
97,298,1
59,574,3
145,585,1
123,561,1
67,455,5
142,363,4
27,410,5
125,472,2
15,520,3
78,436,3
97,77,3
69,479,3
61,141,3
78,560,3
71,392,4
109,434,5
86,309,4
27,350,4
81,103,3
22,233,4
150,596,4
68,235,2
10,366,5
135,508,5
50,133,3
40,70,1
117,330,5
119,205,1
130,525,1
82,238,3
55,142,1
77,582,5
135,488,2
35,383,2
56,455,4
100,281,3
44,195,4
76,377,1
83,389,3
13,87,4
103,326,4
146,358,4
31,81,5
13,221,4
123,332,1
39,41,3
9,580,4
126,107,5
3,123,1
42,383,1
19,210,2
15,32,2
46,74,2
145,53,3
148,195,1
96,218,3
68,574,5
1,297,4
107,286,3
101,7,5
19,59,2
24,551,1
138,211,2
19,460,4
22,595,2
148,368,5
30,418,4
150,125,4
105,55,2
3,308,3
85,478,3
4,352,3
123,411,5
149,69,5
115,335,2
66,447,4
22,551,3
28,411,2
71,554,4
52,508,2
15,555,2
135,325,3
129,390,4
7,253,5
111,588,5
103,310,3
42,521,3
145,121,3
144,70,1
32,264,1
109,473,1
52,468,2
42,56,1
35,392,2
50,588,5
137,399,1
96,415,1
88,422,5
67,171,1
18,118,2
92,476,2
36,55,5
132,153,4
47,466,3
150,464,5
5,329,4
44,53,5
93,487,5
66,281,1
74,214,1
47,283,2
142,381,1
81,42,4
127,229,3
12,138,1
61,248,5
87,310,2
50,514,2
132,12,1
64,494,5
59,313,5
141,557,3
112,234,3
30,411,3
102,100,3
2,119,4
70,95,3
73,262,1
31,61,3
113,467,4
18,484,3
83,243,4
125,175,1
37,117,5
54,87,3
110,383,1
49,505,2
98,214,1
119,43,4
31,249,2
142,156,2
139,465,2
131,245,5
107,319,5
29,551,2
1,78,1
11,83,3
9,155,3
54,161,5
59,222,4
39,252,3
7,358,3
61,359,4
68,387,2
11,110,4
128,275,2
142,235,2
32,344,5
90,8,3
47,250,2
29,288,3
109,240,3
95,232,5
14,215,5
85,551,5
126,20,4
39,321,3
80,544,2
133,201,4
29,25,1
64,334,5
7,27,1
98,365,2
43,177,2
18,550,5
139,101,4
49,304,5
66,388,5
54,73,2
10,350,3
7,406,1
59,512,4
111,86,1
52,12,3
49,532,4
12,563,4
144,525,4
27,94,4
9,266,5
93,174,1
42,196,3
143,550,1
84,272,5
8,114,5
80,460,3
139,560,4
139,567,1
45,87,5
142,284,1
75,394,1
96,378,3
61,523,4
131,306,4
102,31,1
10,458,3
63,344,5
34,251,5
120,458,1
48,492,5
57,529,1
2,550,4
36,551,4
49,587,3
63,314,1
62,463,3
118,11,3
89,543,2
57,282,5
33,398,3
44,110,4
132,379,4
22,142,1
33,240,3
28,64,1
129,579,5
140,115,2
60,141,1
59,95,3
117,242,2
91,245,2
60,419,5
149,450,1
67,71,5
110,291,2
40,558,5
73,439,3
26,124,5
111,599,2
96,453,3
106,243,3
1,381,2
35,496,4
41,554,1
117,533,4
117,338,1
126,348,2
11,161,2
58,208,3
51,574,2
121,45,5
87,433,4
93,7,4
90,493,5
121,532,4
39,231,5
89,276,2
82,519,3
81,550,1
140,425,1
70,432,3
78,234,4
110,370,4
136,178,3
79,190,1
7,250,5
36,363,3
24,294,5
132,146,1
145,503,1
4,225,1
4,315,4
26,281,1
11,418,3
112,189,4
62,397,5
6,395,3
25,412,2
78,597,2
140,533,1
116,9,4
101,374,5
50,564,1
122,28,1
116,144,1
15,393,5
147,63,1
135,508,5
71,558,3
101,402,5
68,112,5
66,576,1
10,279,3
148,248,4
44,323,2
150,424,2
124,436,2
75,44,3
131,592,3
15,8,5
147,485,4
91,594,3
9,487,5
114,377,5
66,328,1
80,519,1
66,397,2
112,511,1
2,57,3
74,53,2
67,542,1
112,509,4
110,107,3
141,109,5
42,476,3
79,440,3
136,189,5
42,570,2
146,157,2
150,554,4
121,510,3
146,270,1
71,584,3
55,437,3
15,193,2
112,491,1
148,249,3
17,87,3
30,294,3
49,277,2
98,392,4
108,207,5
134,25,4
2,53,1
119,277,2
80,107,4
63,135,2
149,196,2
132,165,2
102,441,4
111,201,3
82,240,1
42,54,1
121,534,5
28,533,3
26,215,2
73,128,4
68,79,1
149,282,4
147,297,2
38,557,3
48,36,1
39,596,4
51,300,5
90,583,1
52,354,1
72,310,2
109,467,2
55,475,5
16,390,1
122,488,4
90,126,2
52,225,5
12,343,2
127,318,4
13,176,3
88,397,2
46,420,1
55,453,3
44,393,5
64,426,3
76,136,3
27,91,2
5,114,3
35,342,4
70,67,3
26,556,5
132,576,5
133,177,5
95,133,3
142,382,5
124,104,1
68,109,5
105,346,5
78,83,4
46,224,2
67,66,1
128,191,3
60,163,4
120,310,4
70,269,1
131,227,4
10,231,1
142,452,2
65,236,2
48,423,5
25,176,5
97,270,2
54,373,4
55,445,3
93,369,2
120,520,5
124,101,3
84,469,4
142,579,5
52,28,3
122,371,1
53,279,1
138,386,4
95,532,3
35,20,2
43,8,5
60,172,4
146,435,3
96,594,4
66,583,1
4,287,4
150,499,5
71,87,3
23,207,2
75,161,1
16,227,1
87,170,5
61,96,3
129,19,2
132,420,4
70,412,5
60,224,2
69,368,5
129,561,3
126,562,5
116,224,2
9,363,5
131,512,2
105,316,4
86,282,4
85,564,1
49,552,2
36,511,2
98,436,4
71,285,1
129,490,1
45,274,5
132,96,2
61,87,2
147,52,4
40,508,4
79,229,3
134,74,1
55,286,5
142,76,3
69,52,3
5,317,5
139,152,1
80,484,2
18,283,2
138,6,5
121,44,1
14,13,2
3,458,2
88,500,4
41,189,3
122,456,2
122,208,3
150,176,5
38,80,1
47,198,1
89,455,4
149,535,2
2,405,4
125,189,4
89,341,5
35,600,5
147,454,5
94,184,4
115,255,3
89,335,4
92,471,1
56,531,4
119,341,4
4,236,3
111,24,3
83,463,2
6,16,1
114,91,3
68,228,1
142,475,3
82,172,5
71,398,3
137,336,4
13,396,5
118,50,1
119,191,1
81,80,3
73,39,2
51,600,2
20,297,4
138,114,3
35,593,2
40,255,4
128,508,2
27,344,2
69,467,5
88,172,5
36,155,4
8,376,4
109,563,2
31,61,3
92,171,1
16,385,3
115,393,1
37,223,4
83,271,5
147,437,4
33,299,2
54,297,2
78,520,5
44,195,1
148,238,1
23,523,5
61,250,1
43,557,1
35,547,1
139,496,1
125,516,4
101,326,2
105,144,5
85,240,1
35,510,2
104,265,2
40,372,3
56,286,4
75,138,1
122,587,5
119,320,1
69,1,3
113,370,3
95,443,4
114,220,2
22,129,1
60,527,2
37,89,3
77,169,3
82,552,1
64,98,2
23,239,2
65,368,4
86,486,1
64,514,5
131,161,1
80,12,3
93,333,4
68,495,4
110,207,4
13,89,3
28,409,1
34,342,3
20,383,5
143,205,5
138,382,3
141,44,2
72,482,3
119,119,5
85,160,1
75,36,4
38,164,2
149,90,1
91,394,2
107,192,3
99,99,4
113,15,5
2,50,1
31,305,4
24,275,1
5,230,1
105,282,1
72,354,1
90,396,5
101,408,1
85,586,2
117,284,1
4,554,4
24,538,5
12,71,4
139,477,5
34,186,3
36,79,3
56,511,2
77,97,2
101,179,5
120,569,1
25,463,4
105,198,4
26,80,2
114,61,2
4,394,5
124,123,3
132,582,1
119,504,2
59,23,3
108,363,1
67,511,3
93,465,2
47,460,1
4,366,5
25,443,5
45,396,2
2,461,5
12,436,1
127,213,4
119,467,3
13,463,4
128,542,3
75,541,2
29,500,3
108,169,1
147,29,2
33,388,1
30,252,1
116,266,5
41,493,4
98,146,2
120,595,5
52,438,5
142,380,1
112,134,1
146,296,2
34,275,2
13,504,2
71,445,3
31,503,1
115,239,4
111,432,3
17,440,4
28,145,2
47,295,4
52,383,4
85,243,4
56,164,4
84,496,3
19,456,3
5,51,2
26,86,5
45,457,3
37,174,3
148,457,1
95,31,5
118,210,3
131,339,3
122,369,1
82,239,2
50,576,1
117,397,1
129,569,1
38,80,2
93,203,2
124,150,4
144,36,3
12,267,4
128,290,3
124,335,3
127,25,3
117,500,3
55,3,1
60,534,4
66,102,1
130,256,1
98,259,4
47,576,2
128,213,3
12,346,3
25,168,5
49,365,1
82,286,4
6,140,4
122,437,1
61,323,3
114,544,4
107,231,2
58,514,2
93,598,5
52,159,2
146,263,5
102,176,3
42,466,5
52,476,1
10,464,2
15,515,1
10,164,1
89,112,2
83,224,2
149,182,2
125,459,4
129,422,1
72,281,4
23,462,1
142,541,4
63,140,3
99,109,2
114,142,1
55,328,3
110,134,1
40,186,2
100,405,4
21,230,5
41,255,4
23,391,4
17,376,5
132,61,4
110,356,1
88,178,3
54,212,2
34,591,1
91,105,1
89,539,5
42,171,2
83,155,2
132,476,3
12,449,4
81,421,2
33,391,5
93,52,3
44,5,3
135,101,3
120,114,5
49,53,5
23,173,3
123,447,5
124,346,3
25,270,2
31,380,4
126,399,2
3,155,3
17,302,1
135,257,4
32,129,2
67,492,2
134,1,5
102,46,2
11,177,4
33,513,2
101,593,2
40,526,2
138,431,1
74,534,4
55,553,5
119,464,2
97,377,5
138,57,5
113,13,1
27,251,3
90,173,4
62,350,2
103,502,3
25,592,4
107,543,5
55,486,3
94,148,4
104,301,1
27,351,1
91,130,5
17,51,5
100,9,5
97,322,4
77,567,5
57,68,2
74,218,1
92,314,2
82,9,3
16,435,1
5,56,3
70,448,4
106,401,3
23,130,5
123,537,5
140,158,3
131,486,3
92,450,1
48,250,1
125,276,3
96,12,4
69,23,4
139,357,3
40,82,1
98,425,4
131,318,2
31,359,2
105,336,5
90,323,4
23,584,3
150,217,4
25,321,1
35,269,1
105,67,2
122,195,4
51,272,2
121,383,5
31,19,5
77,40,1
30,392,4
102,320,5
114,151,3
62,502,1
32,318,1
30,480,3
76,525,5
134,346,5
58,405,1
110,358,3
130,171,3
93,553,1
114,75,1
148,188,3
29,306,5
132,256,3
91,268,4
39,243,3
19,474,1
80,71,5
99,267,4
129,479,2
99,503,3
136,332,4
141,111,2
113,321,3
101,499,1
17,345,1
54,531,4
112,183,5
14,251,2
94,430,1
7,297,1
32,356,2
85,332,3
128,155,5
115,22,5
62,201,5
145,374,3
109,437,4
31,81,5
95,438,3
43,227,1
57,40,4
48,136,4
53,532,2
68,536,4
18,407,5
91,34,5
83,60,2
15,114,1
21,130,2
145,298,1
59,185,5
60,565,3
116,599,4
58,346,1
6,468,1
29,582,4
108,444,5
48,93,4
92,494,4
116,263,4
115,295,3
112,461,1
91,288,5
95,125,5
24,129,4
6,450,4
41,330,5
54,10,1
45,492,2
139,523,3
104,197,4
110,75,4
94,463,1
128,75,5
88,268,5
36,230,1
103,295,5
52,506,3
58,166,2
61,573,2
12,493,4
20,376,2
65,584,2
11,133,2
71,131,3
27,80,2
60,1,1
11,41,4
58,472,1
5,466,2
20,313,3
86,584,5
8,486,3
145,352,4
148,158,4
41,146,5
96,94,2
18,238,4
71,558,1
64,71,1
71,19,1
90,304,1
18,313,5
43,483,2
36,411,5
2,483,4
141,20,3
76,500,5
63,499,1
8,240,4
91,505,4
121,50,3
123,525,1
12,274,4
19,266,3
68,513,2
36,484,1
87,473,3
73,229,4
59,330,5
60,553,2
48,488,5
111,311,5
144,541,1
81,245,5
146,539,4
138,472,4
46,596,2
148,454,4
117,360,5
140,417,1
8,294,2
48,74,1
64,109,5
122,55,1
115,150,3
81,407,3
115,86,1
17,318,5
137,484,5
97,371,1
60,514,3
12,490,1
36,186,3
96,126,5
90,422,5
61,210,2
29,552,5
92,310,5
109,386,3
43,446,3
106,540,4
97,157,2
150,23,2
6,462,2
51,591,2
22,573,3
54,570,3
129,216,4
112,490,3
28,187,3
108,119,4
78,128,2
44,374,2
81,406,1
49,588,5
88,325,1
115,347,1
102,286,4
75,195,5
92,53,3
56,149,3
76,192,4
26,265,3
127,228,3
89,31,5
143,526,1
107,557,2
42,60,2
79,591,4
69,316,4
5,120,5
69,4,5
18,88,1
75,586,1
141,250,4
37,301,2
33,226,3
103,128,2
57,154,2
114,427,3
85,434,3
51,174,4
108,432,1
5,262,1
76,80,3
134,502,5
122,204,4
124,7,3
34,470,3
10,331,2
140,273,2
47,124,4
63,514,4
148,360,1
24,133,3
39,203,5
72,476,5
7,127,5
84,178,5
90,585,5
95,6,2
45,416,5
90,455,3
59,499,4
6,429,1
32,9,2
56,590,5
77,285,3
12,596,4
90,371,4
132,33,3
86,521,2
25,579,3
48,600,2
128,556,5
23,470,3
103,429,5
74,294,2
15,389,1
49,461,2
3,38,3
125,562,3
26,101,1
41,344,3
16,578,5
32,285,1
93,581,3
130,598,5
37,300,1
14,274,4
70,317,5
132,79,4
62,576,3
11,153,3
130,85,1
15,424,1
124,124,5
37,255,1
4,79,5
13,409,5
96,4,4
126,333,5
51,270,1
56,211,1
17,350,1
133,232,1
41,542,3
63,232,4
130,584,5
17,144,2
36,456,4
92,158,2
133,427,1
22,442,3
106,369,5
39,60,3
103,127,3
100,445,5
136,404,1
31,394,5
121,80,1
83,346,4
123,178,2
122,205,1
65,169,3
35,340,2
150,38,1
45,421,5
39,465,2
60,501,2
120,205,5
118,529,3
74,317,5
98,203,4
102,487,3
36,346,1
85,255,3
19,136,5
122,111,2
41,334,3
122,387,3
82,534,3
75,530,3
117,72,2
150,265,5
150,447,1
144,122,3
148,100,5
20,5,1
45,267,4
102,559,1
